tag,pattern,response
stres,Apa itu stres?,Stres adalah respons tubuh terhadap tekanan atau tantangan.
stres,Bagaimana cara mengatasi stres?,"Cara mengatasi stres termasuk relaksasi, olahraga, dan mencari dukungan sosial."
stres,Apa penyebab stres?,"Penyebab stres bisa berupa pekerjaan, masalah keluarga, atau tekanan hidup."
depresi,Apa itu depresi?,Depresi adalah gangguan mental yang menyebabkan perasaan sedih dan kehilangan minat.
depresi,Bagaimana cara mengenali depresi?,"Gejala depresi meliputi sedih berkepanjangan, kelelahan, dan kesulitan tidur."
depresi,Apa yang harus dilakukan jika merasa depresi?,"Jika merasa depresi, penting untuk mencari dukungan dari teman atau profesional."
kecemasan,Apa itu kecemasan?,Kecemasan adalah perasaan takut atau khawatir yang berlebihan.
kecemasan,Bagaimana cara mengelola kecemasan?,"Mengelola kecemasan bisa dengan meditasi, olahraga, dan terapi."
kecemasan,Apa tanda-tanda gangguan kecemasan?,"Tanda gangguan kecemasan meliputi rasa takut yang intens, sulit berkonsentrasi, dan insomnia."
trauma,Apa itu trauma?,Trauma adalah respons emosional akibat peristiwa yang menyakitkan.
trauma,Bagaimana cara pulih dari trauma?,Pemulihan trauma melibatkan terapi dan dukungan dari lingkungan.
trauma,Apa yang menyebabkan trauma?,"Penyebab trauma bisa berupa kecelakaan, kekerasan, atau kehilangan."
self-care,Apa itu self-care?,Self-care adalah aktivitas untuk merawat diri secara fisik dan mental.
self-care,Kenapa self-care penting?,Self-care penting untuk menjaga keseimbangan dan kesehatan mental.
self-care,Bagaimana cara memulai self-care?,Mulailah self-care dengan membuat jadwal waktu untuk hal-hal yang Anda nikmati.
insomnia,Apa itu insomnia?,Insomnia adalah gangguan tidur di mana seseorang kesulitan untuk tidur.
insomnia,Apa penyebab insomnia?,"Penyebab insomnia meliputi stres, kecemasan, dan pola hidup yang tidak sehat."
insomnia,Bagaimana cara mengatasi insomnia?,Mengatasi insomnia bisa dengan menciptakan rutinitas tidur yang baik dan menghindari kafein.
bipolar,Apa itu gangguan bipolar?,Gangguan bipolar adalah perubahan suasana hati ekstrem antara mania dan depresi.
bipolar,Apa gejala gangguan bipolar?,Gejala bipolar meliputi energi tinggi saat mania dan rasa sedih mendalam saat depresi.
bipolar,Bagaimana cara mengobati gangguan bipolar?,Pengobatan melibatkan terapi dan obat-obatan yang diresepkan dokter.
gangguan_makan,Apa itu gangguan makan?,Gangguan makan adalah pola makan tidak normal yang memengaruhi kesehatan.
gangguan_makan,Apa jenis gangguan makan?,"Jenis gangguan makan termasuk anoreksia, bulimia, dan binge eating disorder."
gangguan_makan,Bagaimana cara mengatasi gangguan makan?,Gangguan makan adalah pola makan tidak normal yang memengaruhi kesehatan.
mindfulness,Apa itu mindfulness?,Mindfulness adalah praktik fokus penuh pada saat ini tanpa penilaian.
mindfulness,Bagaimana cara memulai mindfulness?,Manfaat mindfulness meliputi pengurangan stres dan peningkatan konsentrasi.
mindfulness,Apa manfaat mindfulness?,Memulai mindfulness bisa dengan latihan pernapasan atau meditasi sederhana.
burnout,Apa itu burnout?,"Burnout adalah kelelahan fisik, mental, dan emosional akibat tekanan berkepanjangan."
burnout,Apa tanda-tanda burnout?,"Tanda burnout meliputi kelelahan ekstrem, kurang motivasi, dan perasaan sinis."
burnout,Bagaimana cara mengatasi burnout?,"Mengatasi burnout melibatkan istirahat, mengatur prioritas, dan mencari dukungan."
ptsd,Apa itu PTSD?,PTSD (Post-Traumatic Stress Disorder) adalah gangguan mental akibat peristiwa traumatis.
ptsd,Apa saja gejala PTSD?,"Gejala PTSD meliputi kilas balik, mimpi buruk, dan kecemasan berlebihan."
ptsd,Bagaimana cara mengatasi PTSD?,"PTSD dapat diatasi melalui terapi, seperti CBT (Cognitive Behavioral Therapy), dan dukungan sosial."
ocd,Apa itu OCD?,OCD (Obsessive-Compulsive Disorder) adalah gangguan yang menyebabkan pikiran obsesif dan perilaku kompulsif.
ocd,Apa gejala utama OCD?,Gejala utama OCD meliputi pikiran yang sulit dikendalikan dan kebutuhan untuk melakukan tindakan berulang.
ocd,Bagaimana cara mengobati OCD?,Pengobatan OCD melibatkan terapi eksposur dan respons (ERP) serta obat-obatan tertentu.
adhd,Apa itu ADHD?,ADHD (Attention Deficit Hyperactivity Disorder) adalah gangguan yang memengaruhi fokus dan kontrol impuls.
adhd,Bagaimana cara mengelola ADHD?,"Gejala ADHD meliputi kesulitan fokus, hiperaktif, dan perilaku impulsif."
adhd,Bagaimana cara mengelola ADHD?,"Mengelola ADHD melibatkan terapi, dukungan pendidikan, dan dalam beberapa kasus, obat-obatan."
fobia_sosial,Apa itu fobia sosial?,Fobia sosial adalah ketakutan berlebihan terhadap situasi sosial.
fobia_sosial,Apa gejala fobia sosial?,"Gejala meliputi rasa takut yang intens, berkeringat, dan menghindari interaksi sosial."
fobia_sosial,Bagaimana cara mengatasi fobia sosial?,Fobia sosial dapat diatasi melalui terapi kognitif-perilaku dan latihan eksposur.
manajemen_emosi,Bagaimana cara mengelola emosi?,Manajemen emosi melibatkan pengendalian respons emosional terhadap situasi tertentu.
manajemen_emosi,Apa pentingnya manajemen emosi?,Penting untuk menjaga hubungan interpersonal yang sehat dan mencegah konflik.
manajemen_emosi,Apa tips untuk meredakan emosi negatif?,"Tips meredakan emosi negatif termasuk meditasi, bernapas dalam-dalam, dan menulis jurnal."
meditasi_pemula,Bagaimana cara meditasi untuk pemula?,Meditasi untuk pemula dapat dimulai dengan fokus pada pernapasan selama 5 menit setiap hari.
meditasi_pemula,Berapa lama meditasi untuk pemula?,Meditasi untuk pemula dapat dimulai dengan fokus pada pernapasan selama 5 menit setiap hari.
meditasi_pemula,Apa manfaat meditasi sederhana?,Meditasi sederhana membantu mengurangi stres dan meningkatkan fokus.
media_sosial,Bagaimana media sosial memengaruhi kesehatan mental?,Media sosial dapat memengaruhi kesehatan mental dengan menciptakan perbandingan sosial.
media_sosial,Apa dampak negatif dari media sosial?,"Dampak negatif termasuk kecemasan, depresi, dan kurang percaya diri."
media_sosial,Bagaimana cara menggunakan media sosial secara sehat?,Gunakan media sosial secara sehat dengan membatasi waktu dan mengikuti konten positif.
hubungan_toksik,Apa itu hubungan toksik?,"Hubungan toksik adalah hubungan yang menyebabkan stres, manipulasi, atau kerugian emosional."
hubungan_toksik,Bagaimana tanda-tanda hubungan toksik?,"Hubungan toksik adalah hubungan yang menyebabkan stres, manipulasi, atau kerugian emosional."
hubungan_toksik,Bagaimana cara keluar dari hubungan toksik?,"Keluar dari hubungan toksik membutuhkan keberanian, dukungan teman, dan terkadang bantuan profesional."
dukacita,Apa itu dukacita?,Dukacita adalah respons emosional terhadap kehilangan seseorang atau sesuatu yang penting.
dukacita,Bagaimana cara menghadapi dukacita?,"Menghadapi dukacita melibatkan menerima emosi, mencari dukungan, dan memberi waktu untuk sembuh."
dukacita,Berapa lama proses dukacita berlangsung?,"Proses dukacita berbeda untuk setiap orang, bisa berlangsung beberapa minggu hingga bertahun-tahun."
pengelolaan_waktu,Kenapa pengelolaan waktu penting?,Pengelolaan waktu penting untuk mengurangi stres dan meningkatkan produktivitas.
pengelolaan_waktu,Bagaimana cara mengatur waktu dengan baik?,Cara mengatur waktu meliputi membuat daftar prioritas dan menggunakan kalender atau aplikasi manajemen waktu.
pengelolaan_waktu,Apa dampak buruk dari kurangnya pengelolaan waktu?,"Kurangnya pengelolaan waktu dapat menyebabkan kelelahan, kecemasan, dan pekerjaan yang menumpuk."
body_image,Apa itu body image?,Body image adalah bagaimana seseorang memandang tubuhnya sendiri.
body_image,Bagaimana cara memiliki body image yang positif?,"Memiliki body image yang positif melibatkan menerima tubuh Anda apa adanya dan fokus pada kesehatan, bukan penampilan."
body_image,Apa dampak dari body image yang negatif?,"Body image negatif dapat menyebabkan rendah diri, gangguan makan, dan depresi."
perubahan_hidup,Bagaimana menghadapi perubahan besar dalam hidup?,"Menghadapi perubahan hidup membutuhkan kesabaran, penerimaan, dan adaptasi."
perubahan_hidup,Apa dampak emosional dari perubahan hidup?,"Perubahan hidup dapat menyebabkan stres, kecemasan, atau bahkan kegembiraan."
perubahan_hidup,Apa tips untuk beradaptasi dengan perubahan hidup?,"Tips untuk beradaptasi meliputi menjaga rutinitas, mencari dukungan, dan fokus pada hal-hal positif."
self-esteem,Apa itu self-esteem?,Self-esteem adalah cara seseorang menghargai dan merasa puas dengan dirinya sendiri.
self-esteem,Bagaimana cara meningkatkan self-esteem?,"Meningkatkan self-esteem melibatkan menerima kekurangan, merayakan pencapaian, dan berbicara positif kepada diri sendiri."
self-esteem,Apa dampak dari self-esteem yang rendah?,"Self-esteem rendah dapat menyebabkan keraguan diri, kecemasan, dan hubungan yang tidak sehat."
pemulihan_diri,Apa itu pemulihan diri?,"Pemulihan diri adalah proses memperbaiki kesehatan mental, emosional, atau fisik setelah masa sulit."
pemulihan_diri,Bagaimana cara memulai proses pemulihan diri?,"Memulai pemulihan diri melibatkan refleksi, mencari dukungan, dan membangun kebiasaan sehat."
pemulihan_diri,Berapa lama waktu yang dibutuhkan untuk pemulihan diri?,"Waktu pemulihan bervariasi tergantung pada individu dan situasi, bisa memakan waktu minggu hingga bertahun-tahun."
toxic_positivity,Apa itu toxic positivity?,"Toxic positivity adalah keyakinan bahwa seseorang harus selalu berpikir positif, meskipun menghadapi situasi sulit."
toxic_positivity,Kenapa toxic positivity buruk?,Toxic positivity dapat mengabaikan emosi negatif yang penting untuk diproses.
toxic_positivity,Bagaimana cara menghindari toxic positivity?,Menghindari toxic positivity melibatkan mendengarkan perasaan secara jujur dan memberikan ruang untuk emosi negatif.
work_life_balance,Apa itu work-life balance?,Work-life balance adalah keseimbangan antara pekerjaan dan kehidupan pribadi.
work_life_balance,Bagaimana cara menjaga work-life balance?,Menjaga work-life balance melibatkan menetapkan batasan waktu kerja dan meluangkan waktu untuk keluarga dan hobi.
work_life_balance,Apa dampak dari kurangnya work-life balance?,Kurangnya work-life balance dapat menyebabkan burnout dan menurunkan kualitas hidup.
kemarahan,Bagaimana cara mengontrol kemarahan?,"Mengontrol kemarahan bisa dengan menarik napas dalam-dalam, menjauh dari situasi, atau berbicara dengan seseorang yang dipercaya."
kemarahan,Apa penyebab utama kemarahan?,"Penyebab utama kemarahan bisa berupa stres, frustrasi, atau ketidakadilan."
kemarahan,Apa dampak dari kemarahan yang tidak terkendali?,Kemarahan yang tidak terkendali dapat merusak hubungan dan menyebabkan masalah kesehatan.
krisis_identitas,Apa itu krisis identitas?,Krisis identitas adalah kebingungan tentang siapa Anda dan tujuan hidup Anda.
krisis_identitas,Bagaimana cara keluar dari krisis identitas?,"Keluar dari krisis identitas membutuhkan refleksi diri, mencari bimbingan, dan eksperimen dengan hal-hal baru."
krisis_identitas,Apa tanda-tanda seseorang mengalami krisis identitas?,"Tanda-tandanya meliputi kehilangan arah, merasa tidak puas, dan terus-menerus meragukan pilihan hidup."
overthinking,Bagaimana cara berhenti overthinking?,Berhenti overthinking dengan fokus pada tindakan kecil dan mengalihkan perhatian ke aktivitas produktif.
overthinking,Kenapa overthinking buruk?,Overthinking dapat menyebabkan kecemasan dan mengganggu pengambilan keputusan.
overthinking,Apa dampak dari overthinking pada kesehatan mental?,Dampak overthinking meliputi stres berlebihan dan gangguan tidur.
pengaruh_trauma,Apa dampak jangka panjang dari trauma?,"Trauma dapat menyebabkan gangguan kecemasan, PTSD, atau masalah kepercayaan."
pengaruh_trauma,Bagaimana cara mengatasi dampak trauma?,"Mengatasi dampak trauma melibatkan terapi, dukungan sosial, dan waktu untuk penyembuhan."
pengaruh_trauma,Apakah trauma bisa sembuh total?,"Dengan dukungan dan terapi yang tepat, trauma bisa sembuh total, meskipun membutuhkan waktu."
ketergantungan_teknologi,Apa dampak ketergantungan pada teknologi?,Ketergantungan pada teknologi dapat menyebabkan isolasi sosial dan gangguan tidur.
ketergantungan_teknologi,Bagaimana cara mengurangi ketergantungan teknologi?,Kurangi ketergantungan teknologi dengan menetapkan waktu tanpa layar dan memperbanyak aktivitas fisik.
ketergantungan_teknologi,Kenapa ketergantungan teknologi buruk untuk kesehatan mental?,Ketergantungan teknologi dapat memicu kecemasan dan kurangnya interaksi manusia.
komunikasi_efektif,Bagaimana cara berkomunikasi dengan efektif?,"Berkomunikasi dengan efektif melibatkan mendengarkan aktif, jelas, dan penuh empati."
komunikasi_efektif,Apa manfaat komunikasi yang baik?,Komunikasi yang baik membantu memperkuat hubungan dan menghindari kesalahpahaman.
komunikasi_efektif,Kenapa komunikasi buruk dapat merusak hubungan?,Komunikasi buruk dapat menyebabkan konflik dan kehilangan kepercayaan.
toxic_relationship,Apa itu toxic relationship?,Toxic relationship adalah hubungan yang merugikan kesehatan mental dan emosional.
toxic_relationship,Bagaimana cara mengenali toxic relationship?,"Tanda-tandanya meliputi manipulasi, kontrol berlebihan, dan kurangnya rasa hormat."
toxic_relationship,Bagaimana cara keluar dari toxic relationship?,Keluar dari toxic relationship membutuhkan keberanian dan dukungan dari orang-orang terdekat.
kepercayaan_diri,Bagaimana cara meningkatkan kepercayaan diri?,Meningkatkan kepercayaan diri melibatkan fokus pada kekuatan diri dan menghindari perbandingan sosial.
kepercayaan_diri,Apa penyebab rendahnya kepercayaan diri?,Penyebab rendahnya kepercayaan diri bisa berupa kritik yang berlebihan atau pengalaman buruk.
kepercayaan_diri,Apa dampak positif dari memiliki kepercayaan diri yang tinggi?,Kepercayaan diri yang tinggi membantu mengambil keputusan yang lebih baik dan membangun hubungan yang sehat.
keseimbangan_emosi,Apa itu keseimbangan emosi?,Keseimbangan emosi adalah kemampuan mengelola perasaan dengan sehat.
keseimbangan_emosi,Bagaimana cara menjaga keseimbangan emosi?,"Menjaga keseimbangan emosi bisa dengan mindfulness, olahraga, dan berbicara dengan teman."
keseimbangan_emosi,Apa tanda-tanda seseorang kehilangan keseimbangan emosi?,"Tanda kehilangan keseimbangan emosi meliputi mudah marah, cemas berlebihan, atau merasa kewalahan."
memaafkan_diri,Bagaimana cara memaafkan diri sendiri?,Memaafkan diri melibatkan menerima kesalahan dan belajar darinya tanpa menghakimi diri sendiri.
memaafkan_diri,Kenapa sulit untuk memaafkan diri?,Sulit memaafkan diri karena sering merasa bersalah atau tidak cukup baik.
memaafkan_diri,Apa manfaat dari memaafkan diri?,Manfaatnya termasuk kedamaian batin dan hubungan yang lebih baik dengan orang lain.
perasaan_kesepian,Kenapa saya merasa kesepian?,Kesepian bisa disebabkan oleh kurangnya koneksi sosial atau perasaan terisolasi.
perasaan_kesepian,Bagaimana cara mengatasi rasa kesepian?,"Atasi kesepian dengan mencari komunitas, memperkuat hubungan, atau memulai hobi baru."
perasaan_kesepian,Apa dampak buruk dari kesepian?,"Kesepian dapat menyebabkan depresi, kecemasan, dan gangguan kesehatan fisik."
pengendalian_stres,Bagaimana cara mengelola stres di tempat kerja?,"Mengelola stres di tempat kerja melibatkan istirahat sejenak, berbicara dengan kolega, dan mengatur prioritas."
pengendalian_stres,Apa teknik untuk mengurangi stres?,"Teknik mengurangi stres termasuk meditasi, olahraga, dan waktu untuk diri sendiri."
perasaan_tidak_cukup_baik,Apa dampak dari perasaan tidak cukup baik?,"Dampaknya meliputi rendah diri, kecemasan, dan sulit mencapai tujuan."
membangun_hubungan,Bagaimana cara membangun hubungan yang sehat?,"Membangun hubungan sehat melibatkan komunikasi terbuka, saling menghormati, dan dukungan emosional."
membangun_hubungan,Apa ciri-ciri hubungan yang baik?,"Ciri hubungan yang baik meliputi kepercayaan, dukungan, dan saling memahami."
membangun_hubungan,Kenapa hubungan yang sehat itu penting?,Hubungan sehat penting untuk keseimbangan emosional dan kebahagiaan dalam hidup.
gangguan_makan,Apa itu gangguan makan?,Gangguan makan adalah kondisi kesehatan mental yang memengaruhi pola makan seseorang secara ekstrem.
gangguan_makan,Apa saja jenis gangguan makan?,"Jenis-jenis gangguan makan termasuk anoreksia, bulimia, dan binge eating disorder."
gangguan_makan,Bagaimana cara mengatasi gangguan makan?,"Mengatasi gangguan makan melibatkan konsultasi dengan dokter, terapi psikologis, dan dukungan keluarga."
burnout,Apa itu burnout?,"Burnout adalah kondisi kelelahan emosional, fisik, dan mental akibat tekanan pekerjaan yang berlebihan."
burnout,Bagaimana tanda-tanda burnout?,"Tanda-tandanya meliputi kelelahan ekstrem, kehilangan motivasi, dan penurunan kinerja."
burnout,Bagaimana cara menghindari burnout?,"Menghindari burnout bisa dilakukan dengan menetapkan batasan kerja, istirahat cukup, dan menjaga keseimbangan hidup."
mindfulness,Apa itu mindfulness?,Mindfulness adalah praktik memperhatikan saat ini tanpa menghakimi.
mindfulness,Bagaimana cara memulai mindfulness?,Memulai mindfulness bisa dilakukan dengan meditasi pernapasan atau fokus pada aktivitas sehari-hari.
mindfulness,Apa manfaat mindfulness?,"Manfaat mindfulness meliputi pengurangan stres, peningkatan fokus, dan kesejahteraan emosional."
ketergantungan_emosi,Apa itu ketergantungan emosi?,Ketergantungan emosi adalah kebutuhan berlebihan pada orang lain untuk dukungan emosional.
ketergantungan_emosi,Bagaimana cara mengurangi ketergantungan emosi?,Mengurangi ketergantungan emosi melibatkan membangun kemandirian dan memperkuat harga diri.
ketergantungan_emosi,Apa dampak dari ketergantungan emosi?,Ketergantungan emosi dapat menyebabkan hubungan yang tidak sehat dan kehilangan rasa percaya diri.
perasaan_kalah,Bagaimana cara menghadapi perasaan kalah?,Hadapi perasaan kalah dengan fokus pada pembelajaran dari pengalaman dan tetap percaya diri.
perasaan_kalah,Kenapa saya selalu merasa kalah?,Perasaan kalah bisa berasal dari ekspektasi yang tidak realistis atau perbandingan sosial.
perasaan_kalah,Apa dampak dari perasaan kalah?,"Dampaknya meliputi rendah diri, stres, dan kehilangan motivasi."
perasaan_marah,Bagaimana cara meredakan kemarahan?,"Meredakan kemarahan bisa dengan menarik napas dalam, menghitung hingga sepuluh, atau menjauh dari situasi yang memicu."
perasaan_marah,Kenapa saya sering merasa marah?,"Sering merasa marah bisa disebabkan oleh stres, frustrasi, atau masalah yang belum terselesaikan."
perasaan_marah,Apa dampak buruk dari terlalu sering marah?,Terlalu sering marah dapat merusak hubungan dan menyebabkan masalah kesehatan seperti tekanan darah tinggi.
kecemasan_ujian,Bagaimana cara mengatasi kecemasan ujian?,"Mengatasi kecemasan ujian melibatkan persiapan yang baik, teknik relaksasi, dan berpikir positif."
kecemasan_ujian,Kenapa saya selalu cemas saat ujian?,Kecemasan ujian sering disebabkan oleh takut gagal atau kurangnya persiapan.
kecemasan_ujian,Apa dampak dari kecemasan ujian?,"Dampaknya meliputi kesulitan fokus, performa menurun, dan stres berlebihan."
gangguan_tidur,Apa penyebab gangguan tidur?,"Gangguan tidur bisa disebabkan oleh stres, pola tidur yang tidak teratur, atau kondisi kesehatan tertentu."
gangguan_tidur,Bagaimana cara mengatasi gangguan tidur?,"Mengatasi gangguan tidur melibatkan rutinitas tidur yang konsisten, menghindari kafein, dan menciptakan lingkungan tidur yang nyaman."
gangguan_tidur,Kenapa tidur saya tidak nyenyak?,Tidur yang tidak nyenyak dapat memengaruhi energi dan kesehatan mental.
rasa_minder,Kenapa saya sering merasa minder?,Rasa minder sering berasal dari kurangnya kepercayaan diri atau pengalaman buruk di masa lalu.
rasa_minder,Bagaimana cara meningkatkan rasa percaya diri?,Meningkatkan rasa percaya diri bisa dilakukan dengan fokus pada kelebihan diri dan menghindari perbandingan dengan orang lain.
rasa_minder,Apa dampak dari rasa minder?,Rasa minder dapat menyebabkan kesulitan dalam hubungan sosial dan pencapaian tujuan.
self_compassion,Apa itu self-compassion?,"Self-compassion adalah sikap berbelas kasih pada diri sendiri, terutama saat menghadapi kesulitan."
self_compassion,Bagaimana cara mempraktikkan self-compassion?,Mempraktikkan self-compassion melibatkan berbicara dengan lembut pada diri sendiri dan menerima ketidaksempurnaan.
self_compassion,Kenapa self-compassion itu penting?,Self-compassion penting untuk meningkatkan kesejahteraan emosional dan mengurangi stres.
trauma_emosional,Apa itu trauma emosional?,Trauma emosional adalah respons emosional terhadap peristiwa yang sangat menyakitkan.
trauma_emosional,Bagaimana cara mengatasi trauma emosional?,"Mengatasi trauma emosional melibatkan terapi, dukungan sosial, dan waktu untuk penyembuhan."
trauma_emosional,Apa dampak jangka panjang dari trauma emosional?,"Trauma emosional dapat menyebabkan kecemasan, depresi, dan kesulitan membangun hubungan."
rasa_takut,Bagaimana cara mengatasi rasa takut?,Mengatasi rasa takut melibatkan menghadapi ketakutan secara perlahan dan membangun rasa percaya diri.
rasa_takut,Kenapa saya selalu merasa takut?,Rasa takut bisa berasal dari pengalaman buruk atau kekhawatiran yang berlebihan.
rasa_takut,Apa dampak dari rasa takut yang berlebihan?,Rasa takut yang berlebihan dapat menghambat kemajuan dan merusak kualitas hidup.
self_validation,Apa itu self-validation?,Self-validation adalah kemampuan menerima dan menghargai perasaan sendiri tanpa bergantung pada pengakuan dari orang lain.
self_validation,Bagaimana cara mempraktikkan self-validation?,Mempraktikkan self-validation melibatkan mengenali emosi dengan jujur dan memberikan dukungan pada diri sendiri.
self_validation,Kenapa self-validation itu penting?,Self-validation penting untuk membangun kepercayaan diri dan kesehatan emosional.
gangguan_kecemasan,Apa itu gangguan kecemasan?,Gangguan kecemasan adalah kondisi kesehatan mental yang ditandai dengan rasa khawatir atau takut yang berlebihan.
gangguan_kecemasan,Bagaimana cara mengobati gangguan kecemasan?,"Mengobati gangguan kecemasan bisa dilakukan melalui terapi, meditasi, atau obat-obatan jika diperlukan."
gangguan_kecemasan,Apa gejala dari gangguan kecemasan?,"Gejalanya meliputi kegelisahan, detak jantung cepat, dan kesulitan tidur."
optimisme_realistis,Apa itu optimisme realistis?,Optimisme realistis adalah pandangan positif yang tetap mempertimbangkan kenyataan.
optimisme_realistis,Bagaimana cara menjadi optimis realistis?,Menjadi optimis realistis melibatkan menerima situasi dan fokus pada solusi yang memungkinkan.
optimisme_realistis,Apa manfaat dari optimisme realistis?,Optimisme realistis membantu mengurangi stres dan meningkatkan kemampuan mengatasi masalah.
kesepian_di_keramaian,Kenapa saya merasa kesepian di tengah keramaian?,Kesepian di keramaian sering terjadi karena kurangnya koneksi emosional dengan orang di sekitar.
kesepian_di_keramaian,Bagaimana cara mengatasi kesepian di keramaian?,Mengatasi kesepian ini dengan mencari hubungan yang bermakna dan berbicara tentang perasaan Anda.
kesepian_di_keramaian,Apa penyebab merasa kesepian meskipun banyak orang?,Penyebabnya bisa karena merasa tidak dipahami atau kurangnya kedekatan emosional.
kesehatan_psikologis,Apa itu kesehatan psikologis?,"Kesehatan psikologis adalah kondisi keseimbangan emosional, mental, dan sosial seseorang."
kesehatan_psikologis,Bagaimana cara menjaga kesehatan psikologis?,"Menjaga kesehatan psikologis melibatkan berbicara dengan orang terpercaya, menjaga pola hidup sehat, dan mencari bantuan profesional jika perlu."
kesehatan_psikologis,Kenapa kesehatan psikologis itu penting?,Kesehatan psikologis penting untuk menjalani hidup yang produktif dan bermakna.
kecanduan_media_sosial,Apa itu kecanduan media sosial?,Kecanduan media sosial adalah penggunaan media sosial yang berlebihan hingga mengganggu aktivitas sehari-hari.
kecanduan_media_sosial,Bagaimana cara mengurangi kecanduan media sosial?,"Kurangi kecanduan dengan mengatur waktu layar, menetapkan batasan, dan mencari kegiatan alternatif."
kecanduan_media_sosial,Apa dampak negatif dari kecanduan media sosial?,"Dampaknya meliputi kurang tidur, isolasi sosial, dan gangguan kesehatan mental."
perasaan_tidak_dicintai,Kenapa saya merasa tidak dicintai?,Perasaan tidak dicintai bisa berasal dari kurangnya dukungan emosional atau pengalaman masa lalu.
perasaan_tidak_dicintai,Bagaimana cara mengatasi perasaan tidak dicintai?,"Atasi perasaan ini dengan mencari dukungan, berbicara tentang perasaan, dan membangun hubungan yang sehat."
perasaan_tidak_dicintai,Apa dampak dari merasa tidak dicintai?,"Merasa tidak dicintai dapat menyebabkan rendah diri, depresi, dan kesulitan dalam hubungan sosial."
harga_diri,Apa itu harga diri?,Harga diri adalah cara seseorang memandang dan menghargai dirinya sendiri.
harga_diri,Bagaimana cara meningkatkan harga diri?,Meningkatkan harga diri melibatkan menerima diri apa adanya dan berfokus pada kelebihan diri.
harga_diri,Kenapa harga diri itu penting?,Harga diri penting untuk kesehatan mental dan keberhasilan dalam hubungan sosial.
keseimbangan_kerja_hidup,Bagaimana cara menjaga keseimbangan antara kerja dan kehidupan pribadi?,Menjaga keseimbangan kerja dan hidup melibatkan pengaturan waktu dan menetapkan batasan.
keseimbangan_kerja_hidup,Kenapa keseimbangan kerja dan hidup itu penting?,Keseimbangan ini penting untuk mencegah burnout dan meningkatkan kualitas hidup.
keseimbangan_kerja_hidup,Apa dampak buruk dari terlalu banyak bekerja?,"Terlalu banyak bekerja dapat menyebabkan stres, gangguan tidur, dan kesehatan mental yang buruk."
pemikiran_negatif,Bagaimana cara menghentikan pemikiran negatif?,Hentikan pemikiran negatif dengan mengenali pola pikir itu dan menggantinya dengan perspektif yang positif.
pemikiran_negatif,Kenapa saya sering berpikir negatif?,"Pemikiran negatif sering berasal dari stres, kecemasan, atau pengalaman buruk di masa lalu."
pemikiran_negatif,Apa dampak dari pemikiran negatif?,Pemikiran negatif dapat memengaruhi suasana hati dan produktivitas Anda secara signifikan.
perasaan_tidak_diakui,Kenapa saya merasa tidak diakui?,Perasaan tidak diakui sering muncul ketika kontribusi atau pendapat Anda tidak dihargai.
perasaan_tidak_diakui,Bagaimana cara mengatasi perasaan tidak diakui?,Mengatasi perasaan ini dengan mengomunikasikan kebutuhan Anda secara terbuka dan fokus pada hal-hal yang Anda hargai dalam diri sendiri.
perasaan_tidak_diakui,Apa dampak dari tidak merasa diakui?,"Tidak merasa diakui dapat menyebabkan frustrasi, rendah diri, dan kehilangan motivasi."
kecemasan_sosial,Apa itu kecemasan sosial?,Kecemasan sosial adalah rasa takut berlebihan terhadap penilaian atau perhatian orang lain.
kecemasan_sosial,Bagaimana cara mengatasi kecemasan sosial?,Mengatasi kecemasan sosial melibatkan latihan bertahap untuk menghadapi situasi sosial dan fokus pada pola pikir yang positif.
kecemasan_sosial,Kenapa saya cemas saat berada di sekitar orang lain?,Kecemasan sosial dapat disebabkan oleh pengalaman buruk atau rasa tidak percaya diri.
overthinking,Bagaimana cara berhenti overthinking?,Berhenti overthinking dengan fokus pada tindakan nyata dan menetapkan waktu untuk merenung.
overthinking,Kenapa saya sering overthinking?,Overthinking sering terjadi karena kecemasan atau rasa takut akan masa depan.
overthinking,Apa dampak dari overthinking?,"Overthinking dapat menyebabkan stres, insomnia, dan penurunan produktivitas."
rasa_bersalah,Bagaimana cara mengatasi rasa bersalah?,Mengatasi rasa bersalah dengan menerima kesalahan Anda dan mengambil tindakan untuk memperbaikinya.
rasa_bersalah,Kenapa saya merasa bersalah sepanjang waktu?,Rasa bersalah sering berasal dari ekspektasi yang tidak realistis atau kesalahan di masa lalu.
rasa_bersalah,Apa dampak dari rasa bersalah berlebihan?,Rasa bersalah berlebihan dapat memengaruhi kesehatan mental dan menghambat kebahagiaan Anda.
kecemasan_keuangan,Bagaimana cara mengatasi kecemasan keuangan?,Atasi kecemasan keuangan dengan membuat anggaran yang realistis dan mencari dukungan profesional jika diperlukan.
kecemasan_keuangan,Kenapa saya selalu khawatir tentang uang?,Kekhawatiran tentang uang sering disebabkan oleh ketidakpastian atau kurangnya perencanaan keuangan.
kecemasan_keuangan,Apa dampak dari kecemasan tentang keuangan?,Kecemasan keuangan dapat menyebabkan stres kronis dan memengaruhi hubungan pribadi Anda.
perasaan_kosong,Kenapa saya merasa kosong di dalam?,Perasaan kosong bisa disebabkan oleh kehilangan arah atau kurangnya tujuan hidup.
perasaan_kosong,Bagaimana cara mengatasi perasaan kosong?,Atasi dengan mencari makna dalam aktivitas sehari-hari dan berbicara dengan seseorang yang Anda percaya.
perasaan_kosong,Apa penyebab perasaan kosong?,Perasaan kosong dapat menyebabkan kurangnya motivasi dan kesulitan menikmati hidup.
prokrastinasi,Kenapa saya suka menunda pekerjaan?,Prokrastinasi bisa diatasi dengan membuat jadwal yang jelas dan membagi tugas besar menjadi langkah kecil.
prokrastinasi,Bagaimana cara mengatasi kebiasaan menunda-nunda?,Menunda pekerjaan sering disebabkan oleh rasa takut gagal atau kurangnya motivasi.
prokrastinasi,Apa dampak dari prokrastinasi?,"Prokrastinasi dapat menyebabkan stres, penurunan produktivitas, dan kehilangan peluang."
dampak_media_berita,Kenapa saya merasa cemas setelah membaca berita?,Berita negatif dapat memicu kecemasan karena fokus pada peristiwa buruk.
dampak_media_berita,Bagaimana cara mengurangi dampak negatif dari berita?,Kurangi dampaknya dengan membatasi waktu membaca berita dan memilih sumber yang positif.
dampak_media_berita,Apa pengaruh berita terhadap kesehatan mental?,Berita yang berlebihan dapat menyebabkan stres dan pandangan negatif terhadap dunia.
gangguan_emosional,Apa itu gangguan emosional?,Gangguan emosional adalah ketidakstabilan perasaan yang memengaruhi cara berpikir dan bertindak seseorang.
gangguan_emosional,Bagaimana cara mengatasi gangguan emosional?,"Mengatasi gangguan emosional memerlukan terapi psikologis, dukungan keluarga, dan pengelolaan stres."
gangguan_emosional,Apa saja gejala dari gangguan emosional?,"Gejalanya termasuk perubahan suasana hati yang ekstrem, kecemasan, dan depresi."
ketidakpercayaan_diri,Kenapa saya merasa tidak percaya diri?,Ketidakpercayaan diri bisa disebabkan oleh pengalaman masa lalu atau rasa takut akan penolakan.
ketidakpercayaan_diri,Bagaimana cara meningkatkan kepercayaan diri?,Tingkatkan kepercayaan diri dengan menetapkan tujuan kecil dan menghargai pencapaian Anda.
ketidakpercayaan_diri,Apa penyebab utama ketidakpercayaan diri?,Penyebab utama termasuk perbandingan sosial dan kritik yang berlebihan terhadap diri sendiri.
kesehatan_mental_remaja,Apa masalah kesehatan mental yang sering dialami remaja?,"Remaja sering menghadapi masalah seperti kecemasan, depresi, dan tekanan sosial."
kesehatan_mental_remaja,Bagaimana cara mendukung kesehatan mental remaja?,"Dukungan melibatkan komunikasi terbuka, empati, dan menyediakan lingkungan yang aman."
kesehatan_mental_remaja,Kenapa remaja rentan terhadap gangguan kesehatan mental?,"Masa remaja adalah periode perubahan besar secara fisik, emosional, dan sosial."
perasaan_terisolasi,Kenapa saya merasa terisolasi dari orang lain?,Perasaan terisolasi bisa disebabkan oleh kurangnya hubungan yang mendalam atau pengalaman sosial yang buruk.
perasaan_terisolasi,Bagaimana cara mengatasi perasaan terisolasi?,"Atasi dengan menjalin koneksi baru, berbicara dengan teman, atau mencari komunitas yang sesuai."
perasaan_terisolasi,Apa dampak dari isolasi emosional?,"Isolasi emosional dapat menyebabkan depresi, kecemasan, dan penurunan kualitas hidup."
manajemen_emosi,Bagaimana cara mengelola emosi saya?,"Manajemen emosi melibatkan mengenali, memahami, dan mengatur perasaan Anda dengan cara yang sehat."
manajemen_emosi,Apa itu manajemen emosi?,"Cara melakukannya adalah dengan teknik pernapasan, meditasi, atau berbicara dengan seseorang yang dipercaya."
manajemen_emosi,Kenapa penting untuk bisa mengontrol emosi?,Mengontrol emosi penting untuk menjaga hubungan dan membuat keputusan yang baik.
perasaan_dihantui_masa_lalu,Kenapa saya tidak bisa melupakan masa lalu?,Masa lalu sulit dilupakan karena emosi kuat yang terkait dengannya.
perasaan_dihantui_masa_lalu,Bagaimana cara move on dari masa lalu?,"Move on dengan menerima kenyataan, mencari pelajaran, dan fokus pada masa depan."
perasaan_dihantui_masa_lalu,Apa dampak jika terus terjebak di masa lalu?,Terjebak di masa lalu dapat menghambat pertumbuhan pribadi dan memengaruhi kesehatan mental Anda.
tekanan_sosial,Apa itu tekanan sosial?,Tekanan sosial adalah dorongan dari lingkungan untuk berperilaku sesuai ekspektasi masyarakat.
tekanan_sosial,Bagaimana cara mengatasi tekanan sosial?,"Atasi dengan menetapkan batasan, menjaga integritas diri, dan berbicara dengan orang yang dipercaya."
tekanan_sosial,Kenapa tekanan sosial memengaruhi kesehatan mental saya?,"Tekanan sosial dapat menyebabkan kecemasan, stres, dan rasa tidak percaya diri."
kemampuan_memaafkan,Kenapa sulit memaafkan seseorang?,Sulit memaafkan karena luka emosional atau rasa kecewa yang mendalam.
kemampuan_memaafkan,Bagaimana cara melatih kemampuan memaafkan?,Melatih memaafkan dengan melihat dari sudut pandang lain dan melepaskan rasa sakit secara bertahap.
kemampuan_memaafkan,Apa manfaat dari memaafkan?,"Manfaatnya termasuk ketenangan batin, hubungan yang lebih baik, dan pengurangan stres."
mental_breakdown,Apa itu mental breakdown?,Mental breakdown adalah kondisi kelelahan emosional dan mental yang intens.
mental_breakdown,Bagaimana cara mengatasi mental breakdown?,"Mengatasinya melibatkan istirahat, mencari dukungan, dan menghindari stres berlebihan."
mental_breakdown,Apa tanda-tanda dari mental breakdown?,"Tanda-tandanya meliputi kelelahan, menangis berlebihan, dan kehilangan konsentrasi."
pengendalian_amarah,Bagaimana cara mengendalikan amarah saya?,Pengendalian amarah melibatkan mengenali pemicu dan menggunakan teknik relaksasi seperti pernapasan dalam.
pengendalian_amarah,Apa itu pengendalian amarah?,Pengendalian amarah adalah kemampuan untuk tetap tenang dan tidak bereaksi secara impulsif.
pengendalian_amarah,Kenapa saya sering marah tanpa alasan?,Marah tanpa alasan mungkin disebabkan oleh stres tersembunyi atau masalah emosional yang belum terselesaikan.
pemulihan_dari_kegagalan,Bagaimana cara bangkit dari kegagalan?,"Bangkit dari kegagalan dengan menerima kesalahan, belajar darinya, dan mencoba lagi."
pemulihan_dari_kegagalan,Kenapa saya merasa sulit menerima kegagalan?,Sulit menerima kegagalan karena ekspektasi tinggi atau takut akan penilaian orang lain.
pemulihan_dari_kegagalan,Apa pelajaran yang bisa diambil dari kegagalan?,Pelajaran dari kegagalan membantu membangun ketahanan dan memperbaiki diri.
pengaruh_kritik,Bagaimana cara menghadapi kritik negatif?,"Hadapi kritik negatif dengan tetap tenang, menganalisis isinya, dan mengambil yang konstruktif."
pengaruh_kritik,Kenapa kritik sangat memengaruhi saya?,Kritik memengaruhi Anda karena rasa takut gagal atau rendahnya harga diri.
pengaruh_kritik,Apa cara terbaik untuk merespons kritik?,Respon terbaik adalah mendengarkan dengan terbuka dan menjawab secara profesional.
hubungan_toksik,Bagaimana cara keluar dari hubungan toksik?,Keluar dari hubungan toksik dengan menetapkan batasan dan mencari dukungan dari orang terpercaya.
hubungan_toksik,Kenapa hubungan ini terasa toksik?,"Hubungan toksik terasa berat karena adanya manipulasi, kontrol, atau kurangnya rasa hormat."
hubungan_toksik,Apa tanda-tanda hubungan toksik?,"Tandanya termasuk komunikasi buruk, kurangnya empati, dan perasaan tidak aman."
perasaan_kesepian,Kenapa saya merasa kesepian?,Kesepian bisa muncul karena kurangnya hubungan emosional atau isolasi sosial.
perasaan_kesepian,Bagaimana cara mengatasi rasa kesepian?,"Atasi dengan mencari koneksi baru, bergabung dengan komunitas, atau berbicara dengan teman."
perasaan_kesepian,Apa dampak dari kesepian yang berkepanjangan?,Kesepian berkepanjangan dapat memengaruhi kesehatan mental dan fisik Anda.
stres_dalam_pernikahan,Kenapa saya merasa stres dalam pernikahan?,Stres dalam pernikahan bisa disebabkan oleh komunikasi yang buruk atau ekspektasi yang tidak terpenuhi.
stres_dalam_pernikahan,Bagaimana cara mengatasi konflik dalam pernikahan?,Atasi dengan berbicara terbuka dengan pasangan dan mencari bantuan konselor jika diperlukan.
stres_dalam_pernikahan,Apa penyebab umum stres dalam pernikahan?,"Penyebab umum termasuk masalah keuangan, kurangnya waktu bersama, atau perbedaan nilai."
manajemen_waktu,Bagaimana cara mengatur waktu dengan baik?,Manajemen waktu melibatkan prioritas tugas dan membuat jadwal yang realistis.
manajemen_waktu,Kenapa saya selalu merasa kekurangan waktu?,Merasa kekurangan waktu mungkin karena kurangnya perencanaan atau terlalu banyak gangguan.
manajemen_waktu,Apa manfaat dari manajemen waktu yang baik?,"Manfaatnya termasuk mengurangi stres, meningkatkan produktivitas, dan lebih banyak waktu untuk relaksasi."
perasaan_merasa_tidak_berguna,Kenapa saya merasa tidak berguna?,Perasaan tidak berguna sering muncul dari kurangnya tujuan atau penghargaan diri.
perasaan_merasa_tidak_berguna,Bagaimana cara mengatasi perasaan tidak berguna?,Atasi dengan mengenali kelebihan Anda dan mencoba hal baru yang memberi makna.
perasaan_merasa_tidak_berguna,Apa dampak dari perasaan ini terhadap hidup saya?,"Dampaknya bisa berupa depresi, rendah diri, dan kurangnya motivasi."
kesehatan_mental_di_tempat_kerja,Bagaimana cara menjaga kesehatan mental di tempat kerja?,Menjaga kesehatan mental di tempat kerja melibatkan istirahat yang cukup dan komunikasi terbuka.
kesehatan_mental_di_tempat_kerja,Apa saja faktor yang memengaruhi kesehatan mental di kantor?,"Faktor yang memengaruhi termasuk beban kerja, hubungan dengan rekan kerja, dan tekanan waktu."
kesehatan_mental_di_tempat_kerja,Kenapa saya merasa stres di tempat kerja?,Stres di tempat kerja dapat muncul dari ekspektasi yang berlebihan atau lingkungan kerja yang tidak sehat.
dampak_media_sosial,Bagaimana media sosial memengaruhi kesehatan mental saya?,Media sosial dapat memengaruhi kesehatan mental dengan membandingkan diri sendiri dengan orang lain.
dampak_media_sosial,Apa efek negatif dari media sosial?,"Efek negatifnya termasuk kecemasan, rasa tidak puas, dan gangguan tidur."
dampak_media_sosial,Kenapa saya merasa cemas setelah melihat media sosial?,Kurangi dampaknya dengan membatasi waktu penggunaan dan mengikuti konten yang positif.
kebiasaan_tidur,Kenapa tidur saya tidak nyenyak?,"Tidur yang tidak nyenyak bisa disebabkan oleh stres, gangguan tidur, atau kebiasaan sebelum tidur yang buruk."
kebiasaan_tidur,Bagaimana cara memperbaiki pola tidur saya?,Perbaiki dengan menciptakan rutinitas tidur yang konsisten dan menghindari penggunaan gadget sebelum tidur.
kebiasaan_tidur,Apa dampak kurang tidur terhadap kesehatan mental?,"Kurang tidur dapat menyebabkan gangguan konsentrasi, kecemasan, dan suasana hati yang buruk."
perasaan_takut_akan_kegagalan,Kenapa saya takut gagal?,Ketakutan akan kegagalan sering muncul dari rasa tidak percaya diri atau ekspektasi yang tinggi.
perasaan_takut_akan_kegagalan,Bagaimana cara mengatasi ketakutan akan kegagalan?,Atasi dengan mengubah cara pandang terhadap kegagalan sebagai peluang belajar.
perasaan_takut_akan_kegagalan,Apa yang menyebabkan rasa takut ini?,Penyebab rasa takut ini bisa berupa pengalaman masa lalu atau tekanan sosial.
pemulihan_dari_kehilangan,Bagaimana cara pulih dari kehilangan orang tercinta?,Pemulihan dari kehilangan membutuhkan waktu dan dukungan dari orang-orang terdekat.
pemulihan_dari_kehilangan,Apa yang bisa membantu saya mengatasi rasa duka?,Mengatasi rasa duka dengan membicarakan perasaan Anda dan mencari kenangan positif dari orang yang telah pergi.
pemulihan_dari_kehilangan,Berapa lama waktu yang dibutuhkan untuk pulih dari kehilangan?,"Waktu pemulihan bervariasi, tergantung pada hubungan dan proses emosional masing-masing."
perasaan_overwhelmed,Kenapa saya merasa terlalu terbebani?,Perasaan overwhelmed sering muncul dari terlalu banyak tanggung jawab atau kurangnya dukungan.
perasaan_overwhelmed,Bagaimana cara mengatasi rasa overwhelmed?,Atasi dengan menetapkan prioritas dan meminta bantuan jika diperlukan.
perasaan_overwhelmed,Apa penyebab rasa ini muncul?,"Penyebabnya termasuk stres kronis, kurangnya istirahat, atau ekspektasi yang tidak realistis."
pengaruh_lingkungan_kerja_toksik,Kenapa lingkungan kerja saya terasa tidak sehat?,"Lingkungan kerja yang tidak sehat bisa disebabkan oleh konflik, kurangnya komunikasi, atau budaya kerja yang buruk."
pengaruh_lingkungan_kerja_toksik,Bagaimana cara menghadapi lingkungan kerja yang toksik?,Hadapi dengan menjaga batasan pribadi dan mencari solusi melalui HR atau atasan Anda.
pengaruh_lingkungan_kerja_toksik,Apa dampak lingkungan kerja toksik terhadap kesehatan mental saya?,"Dampaknya termasuk stres berlebihan, kehilangan motivasi, dan penurunan produktivitas."
pengelolaan_ekspektasi,Bagaimana cara mengelola ekspektasi saya?,Mengelola ekspektasi dengan menetapkan tujuan yang realistis dan fleksibel.
pengelolaan_ekspektasi,Kenapa ekspektasi terlalu tinggi bisa berbahaya?,Ekspektasi terlalu tinggi dapat menyebabkan frustrasi dan rasa gagal yang berlebihan.
pengelolaan_ekspektasi,Apa manfaat dari ekspektasi yang realistis?,Ekspektasi realistis membantu Anda merasa lebih puas dan termotivasi untuk terus berkembang.
self_sabotage,Kenapa saya sering merusak usaha saya sendiri?,Self-sabotage adalah pola perilaku yang secara tidak sadar menghambat pencapaian tujuan Anda.
self_sabotage,Apa itu self-sabotage?,"Atasi dengan mengenali pola ini dan mencari tahu penyebab di baliknya, seperti rasa takut akan perubahan."
self_sabotage,Bagaimana cara berhenti dari self-sabotage?,Mulailah dengan menetapkan tujuan kecil dan memperkuat kepercayaan diri Anda.
kesehatan_mental_lansia,Apa masalah kesehatan mental yang sering dialami lansia?,"Masalah umum meliputi kesepian, depresi, dan kecemasan."
kesehatan_mental_lansia,Bagaimana cara mendukung kesehatan mental orang tua saya?,"Dukungan melibatkan komunikasi, melibatkan mereka dalam aktivitas sosial, dan memantau kesehatan mereka."
kesehatan_mental_lansia,Kenapa kesehatan mental penting untuk lansia?,Kesehatan mental penting untuk menjaga kualitas hidup dan kemandirian lansia.
